{
  "version": "7",
  "dialect": "mysql",
  "entries": [
    {
      "idx": 0,
      "version": "5",
      "when": 1771422151037,
      "tag": "0000_normal_bloodscream",
      "breakpoints": true
    },
    {
      "idx": 1,
      "version": "5",
      "when": 1771422310914,
      "tag": "0001_complex_white_tiger",
      "breakpoints": true
    },
    {
      "idx": 2,
      "version": "5",
      "when": 1771441752271,
      "tag": "0002_light_tenebrous",
      "breakpoints": true
    },
    {
      "idx": 3,
      "version": "5",
      "when": 1771443173763,
      "tag": "0003_clumsy_komodo",
      "breakpoints": true
    }
  ]
}